{"cameraMode":{"drawMode":0,"name":"Shaded","section":"Shading Mode"},"sceneLighting":true,"audioPlay":false,"sceneViewState":{"m_AlwaysRefresh":false,"showFog":true,"showSkybox":true,"showFlares":true,"showImageEffects":true,"showParticleSystems":true,"showVisualEffectGraphs":true,"m_FxEnabled":true},"in2DMode":false,"pivot":{"x":-413.65643310546877,"y":144.93145751953126,"z":1785.419677734375},"rotation":{"x":0.03570938482880592,"y":-0.8932011723518372,"z":-0.07227050513029099,"w":-0.44259002804756167},"size":12.12435531616211,"orthographic":false}